year,base,optimistic,pessimistic
2025,53.77091638662205,56.45946220595315,51.082370567290944
2026,58.541832773244096,61.4689244119063,55.61474113458189
2027,63.312749159866144,66.47838661785946,60.14711170187283
