Actual,Predicted
22.0,34.23509280475196
35.0,23.608025386738973
46.0,46.0
56.0,40.99999999999636
36.0,50.99999999999818
49.0,59.98311546840887
