year,event_count,avg_impact,avg_lag,high_confidence_events,forecast,base,optimistic,pessimistic
2025,4.0,13.75,14.25,1.0,66.0,66.0,69.3,62.699999999999996
2026,4.0,13.75,14.25,1.0,66.0,66.0,69.3,62.699999999999996
2027,4.0,13.75,14.25,1.0,66.0,66.0,69.3,62.699999999999996
